{
    "chanEnc": "CH1",
    "chanMonit": "CH5",
    "chanTrans": "CH6",
    "scaleAngle": 160000.0,
    "scaleMonit": 1295979236.9442604,
    "scaleTrans": 1414508060.8186982,
    "zeroAngle": 0.0,
    "zeroMonit": 721710.0382890366,
    "zeroTrans": -23428167.471013289
}