{
    "chanEnc": "CH1",
    "chanMonit": "CH5",
    "chanTrans": "CH6",
    "scaleAngle": 160000.0,
    "scaleMonit": -89787203.836824372,
    "scaleTrans": -81179428.82684496,
    "zeroAngle": 0.0,
    "zeroMonit": 657401.73193333333,
    "zeroTrans": 463534.04080000002
}